<?xml version="1.0"?>
<!--
  Copyright 2002-2010 The Apache Software Foundation

  Licensed under the Apache License, Version 2.0 (the "License");
  you may not use this file except in compliance with the License.
  You may obtain a copy of the License at

      http://www.apache.org/licenses/LICENSE-2.0

  Unless required by applicable law or agreed to in writing, software
  distributed under the License is distributed on an "AS IS" BASIS,
  WITHOUT WARRANTIES OR CONDITIONS OF ANY KIND, either express or implied.
  See the License for the specific language governing permissions and
  limitations under the License.
-->

<!DOCTYPE document PUBLIC "-//APACHE//DTD Documentation V2.0//EN"
          "http://forrest.apache.org/dtd/document-v20.dtd">


<document> 
<header> 
    <title>
   Release Notes - Hadoop HBase
    </title>
</header> 
<body>
<p><a href="https://issues.apache.org/jira/secure/ReleaseNote.jspa?projectId=12310753&amp;styleName=Html&amp;version=12315060">0.20.6 Release Notes</a>
</p>
</body>
</document>
