<?xml version="1.0"?>
<!--
  Copyright 2002-2004 The Apache Software Foundation

  Licensed under the Apache License, Version 2.0 (the "License");
  you may not use this file except in compliance with the License.
  You may obtain a copy of the License at

      http://www.apache.org/licenses/LICENSE-2.0

  Unless required by applicable law or agreed to in writing, software
  distributed under the License is distributed on an "AS IS" BASIS,
  WITHOUT WARRANTIES OR CONDITIONS OF ANY KIND, either express or implied.
  See the License for the specific language governing permissions and
  limitations under the License.
-->

<!--
Forrest site.xml

This file contains an outline of the site's information content.  It is used to:
- Generate the website menus (though these can be overridden - see docs)
- Provide semantic, location-independent aliases for internal 'site:' URIs, eg
<link href="site:changes"> links to changes.html (or ../changes.html if in
  subdir).
- Provide aliases for external URLs in the external-refs section.  Eg, <link
  href="ext:cocoon"> links to http://xml.apache.org/cocoon/

See http://forrest.apache.org/docs/linking.html for more info.
-->

<site label="Hadoop" href="" xmlns="http://apache.org/forrest/linkmap/1.0">

  <docs label="Documentation"> 
    <overview  label="Overview"           href="index.html" />
    <started   label="Getting Started"    href="ext:api/started" />
    <api       label="Release Notes"   href="releasenotes.html" />
    <api       label="API Docs"           href="ext:api/index" />
    <api       label="HBase Metrics"      href="metrics.html" />
    <api       label="HBase  Default Configuration" href="hbase-conf.html" />
    <api       label="HBase on Windows"   href="cygwin.html" />
    <wiki      label="Wiki"               href="ext:wiki" />
    <faq       label="FAQ"                href="ext:faq" />
    <lists     label="Mailing Lists"      href="ext:lists" />
  </docs>

  <external-refs>
    <site      href="http://hbase.apache.org/"/>
    <lists     href="http://hbase.apache.org/mailing_lists.html"/>
    <releases  href="http://hbase.apache.org/releases.html">
      <download href="#Download" />
    </releases>
    <jira      href="http://hbase.apache.org/issue_tracking.html"/>
    <wiki      href="http://wiki.apache.org/hadoop/Hbase" />
    <faq       href="http://wiki.apache.org/hadoop/Hbase/FAQ" />
    <zlib      href="http://www.zlib.net/" />
    <lzo       href="http://www.oberhumer.com/opensource/lzo/" />
    <gzip      href="http://www.gzip.org/" />
    <cygwin    href="http://www.cygwin.com/" />
    <osx       href="http://www.apple.com/macosx" />
    <api href="api/">
      <started href="overview-summary.html#overview_description" />
      <index href="index.html" />
      <org href="org/">
        <apache href="apache/">
          <hadoop href="hadoop/">
            <hbase href="hbase/">
            </hbase>
          </hadoop>
        </apache>
      </org>
    </api>
  </external-refs>
 
</site>
