<?xml version="1.0"?>
<!--
/**
 * Copyright 2009 The Apache Software Foundation
 *
 * Licensed to the Apache Software Foundation (ASF) under one
 * or more contributor license agreements.  See the NOTICE file
 * distributed with this work for additional information
 * regarding copyright ownership.  The ASF licenses this file
 * to you under the Apache License, Version 2.0 (the
 * "License"); you may not use this file except in compliance
 * with the License.  You may obtain a copy of the License at
 *
 *     http://www.apache.org/licenses/LICENSE-2.0
 *
 * Unless required by applicable law or agreed to in writing, software
 * distributed under the License is distributed on an "AS IS" BASIS,
 * WITHOUT WARRANTIES OR CONDITIONS OF ANY KIND, either express or implied.
 * See the License for the specific language governing permissions and
 * limitations under the License.
 */
-->
<!DOCTYPE Configure PUBLIC "-//Mort Bay Consulting//DTD Configure//EN" "http://jetty.mortbay.org/configure.dtd">

<Configure id="Server" class="org.mortbay.jetty.Server">
    <Call name="addConnector">
        <Arg>
            <New class="org.mortbay.jetty.nio.SelectChannelConnector">
                <Set name="port">
                    8080
                </Set>
            </New>
        </Arg>
    </Call>
    
    <Set name="handler">
        <New id="Handlers" class="org.mortbay.jetty.handler.HandlerCollection">
            <Array type="org.mortbay.jetty.Handler">
                <Set name="handlers">
                    <Item>
                        <New id="Contexts" class="org.mortbay.jetty.handler.ContextHandlerCollection"/>
                    </Item>                   
                </Set>
            </Array>
        </New>
    </Set>
    
    <Call name="addLifeCycle">
        <Arg>
            <New class="org.mortbay.jetty.deployer.WebAppDeployer">
                <Set name="contexts">
                    <Ref id="Contexts"/>
                </Set>
                <Set name="webAppDir">
                    <SystemProperty name="jetty.home" default="."/>/webapps
                </Set>
            </New>
        </Arg>
    </Call>
</Configure>
