<configuration>

	<!-- Hadoop's hdfs location-->
	<property>
		<name>hbase.rootdir</name>
		<value>hdfs://192.168.0.203:9102/hbase</value>
		<description>The directory shared by regon servers.
			Should be
			fully-qualified to include the filesystem to use.
			E.g:
			hdfs://NAMENODE_SERVER:PORT/HBASE_ROOTDIR
  		</description>
	</property>

	<!-- Hbase Master Info -->
	<property>
		<name>hbase.master</name>
		<value>192.168.0.203:9102</value>
		<description>By default ZK is configured with localhost which means
			the client
			should run on the same physical machine. Configure this if client runs on a
			different
			machine.
	</description>
	</property>
	<!-- 
	<property>
		<name>hbase.master.port</name>
		<value>9102</value>
	</property>
	 -->

	<!-- 분산 클러스터 인경우 =true -->
	<property>
		<name>hbase.cluster.distributed</name>
		<value>false</value>
		<description>The mode the cluster will be in. Possible values are
			false: standalone and pseudo-distributed setups with managed
			Zookeeper
			true: fully-distributed with unmanaged Zookeeper Quorum (see
			hbase-env.sh)
		</description>
	</property>

	<!--
		Zookeeper 서버 목록(각 서버들 주소 등록 <property>
		<name>hbase.zookeeper.quorum</name>
		<value>atdata1,atdata2,atdata3</value> <description>Comma separated
		list of servers in the ZooKeeper Quorum. For example,
		"host1.mydomain.com,host2.mydomain.com,host3.mydomain.com". By default
		this is set to localhost for local and pseudo-distributed modes of
		operation. For a fully-distributed setup, this should be set to a full
		list of ZooKeeper quorum servers. If HBASE_MANAGES_ZK is set in
		hbase-env.sh this is the list of servers which we will start/stop
		ZooKeeper on. </description> </property>
	-->
	<property>
		<name>hbase.zookeeper.quorum</name>
		<value>192.168.0.203</value>
	</property>
	<property>
		<name>hbase.zookeeper.property.clientPort</name>
		<value>2181</value>
	</property>

	<property>
		<name>hbase.tmp.dir</name>
		<value>/home/app/hbase-0.20.6/data/tmp</value>
		<description>Temporary directory on the local filesystem.
		</description>
	</property>

	<!--  Secondary Indexes in Habase. -->
	<property>
		<name>hbase.regionserver.class</name>
		<value>org.apache.hadoop.hbase.ipc.IndexedRegionInterface</value>
	</property>

	<property>
		<name>hbase.regionserver.impl</name>
		<value>org.apache.hadoop.hbase.regionserver.tableindexed.IndexedRegionServer
		</value>
	</property>

</configuration>
